јртикул;÷ена розн
TL305BDW4.5PCD4x114.3ET43DIA69.1;45,126
TL337BDW5PCD4x98ET35DIA58.6;46,652
TL344BDW5PCD4x100ET46DIA67.1;47,96
TL403BDW5.5PCD4x100ET32DIA67.1;53,192
TL406BDW5.5PCD4x108ET35DIA67.1;53,192
TL406BDW5.5PCD4x108ET24DIA65.1;52,756
TL408BDW5.5PCD4x100ET43DIA60.1;55,154
TL410SW5.5PCD4x100ET43DIA60.1;57,988
TL410BDW5.5PCD4x98ET32DIA58.6;57,988
TL415BDW5.5PCD4x108ET43DIA63.4;54,718
TL420BDW5.5PCD4x100ET35DIA67.1;52,756
TL422SW5.5PCD4x100ET32DIA67.1;59,296
TL422BDW5.5PCD4x98ET32DIA58.6;59,296
TL422BDW5.5PCD4x100ET32DIA67.1;59,296
TL422SW5.5PCD4x98ET32DIA58.6;59,296
TL423SW5.5PCD4x100ET49DIA56.6;57,552
TL423BDW5.5PCD4x100ET49DIA56.6;57,552
TL423GRDW5.5PCD4x100ET49DIA56.6;57,552
TL423HBW5.5PCD4x100ET49DIA56.6;59,296
TL428HBW5PCD5x100ET35DIA57.1;59,514
TL428BDW5PCD5x100ET35DIA57.1;57,988
TL428SW5PCD5x100ET35DIA57.1;57,988
TL435SW5.5PCD4x100ET43DIA60.1;50,358
TL435SLW5.5PCD4x100ET43DIA60.1;50,358
TL435BDW5.5PCD4x100ET43DIA60.1;53,192
TL435BDW5.5PCD4x100ET43DIA67.1;53,192
TL438SW5.5PCD4x100ET43DIA60.1;53,192
TL438BDW5.5PCD4x98ET35DIA58.6;55,154
TL438GRDW5.5PCD4x98ET35DIA58.6;55,154
TL1401BDW5.5PCD4x98ET35DIA58.6;52,756
TL1404SW5.5PCD4x98ET35DIA58.6;53,192
TL1404BDW5.5PCD4x98ET35DIA58.6;53,192
TL1404BDW5.5PCD4x100ET43DIA60.1;53,192
TL1404SW5.5PCD4x100ET35DIA67.1;53,192
TL1406SW5.5PCD4x98ET35DIA58.6;52,32
TL505SW6PCD4x108ET27DIA65.1;70,196
TL505BDW6PCD4x108ET27DIA65.1;65,836
TL509BDW6PCD4x114.3ET45DIA67.1;67,144
TL509SW6PCD4x114.3ET45DIA67.1;67,144
TL509HBW6PCD4x100ET45DIA54.1;67,144
TL509SW6PCD4x100ET45DIA54.1;67,144
TL509BDW6PCD4x100ET45DIA54.1;67,144
TL509BDW6PCD4x100ET49DIA60.1;67,144
TL509HBW6PCD4x100ET49DIA60.1;67,144
TL509SW6PCD4x100ET49DIA60.1;67,144
TL509HBW6PCD4x108ET50DIA63.4;67,144
TL509BDW6PCD5x100ET40DIA57.1;67,144
TL509SW6PCD5x100ET40DIA57.1;67,144
TL511BDW6PCD5x108ET52DIA63.4;64,964
TL511SW6PCD5x108ET52DIA63.4;64,964
TL523BDW6PCD4x100ET39DIA67.1;62,348
TL523SW6PCD4x100ET50DIA60.1;62,348
TL523SW6PCD4x100ET39DIA67.1;62,348
TL523SW6PCD4x100ET50DIA60.1;62,348
TL524BDW5.5PCD4x100ET46DIA60.1;64,746
TL524SW5.5PCD4x100ET46DIA54.1;64,746
TL526SW5.5PCD4x100ET45DIA60.1;58,86
TL526BDW5.5PCD4x100ET45DIA60.1;62,348
TL526BDW5.5PCD4x100ET46DIA54.1;62,348
TL526BDW5.5PCD5x114.3ET45DIA67.1;62,348
TL526SW5.5PCD5x114.3ET45DIA67.1;62,348
TL530SW6PCD5x112ET45DIA57.1;60,604
TL531BDW6PCD4x100ET48DIA54.1;64,746
TL531SW6PCD4x100ET48DIA54.1;64,746
TL534BDW5.5PCD4x100ET45DIA60.1;62,348
TL534SW5.5PCD4x100ET45DIA54.1;62,348
TL535BDW6PCD4x100ET45DIA67.1;61,476
TL535SLW6PCD4x100ET45DIA67.1;60,168
TL535BDW6PCD4x114.3ET45DIA56.6;62,348
TL535SW6PCD4x114.3ET45DIA56.6;62,348
TL537BDW6PCD4x114.3ET45DIA67.1;63,874
TL537BDW6PCD4x100ET40/45DIA67.1;63,874
TL537SW6PCD5x112ET45DIA57.1;63,874
TL538BDW6PCD4x98ET38DIA58.6;67,58
TL539BDW6PCD5x114.3ET38DIA67.1;66,708
TL539SW6PCD4x100ET40DIA60.1;66,708
TL539BDW6PCD4x100ET40DIA67.1;66,708
TL539BDW6PCD5x100ET38DIA57.1;66,708
TL539SW6PCD5x112ET45DIA57.1;66,708
TL539BDW6PCD5x112ET45DIA57.1;66,708
TL540BDW6PCD5x112ET40DIA57.1;68,016
TL540BDW6PCD5x100ET40DIA57.1;68,016
TL540SW6PCD5x100ET40DIA57.1;68,016
TL540SW6PCD5x112ET40DIA57.1;68,016
TL545SW6PCD5x100ET40DIA57.1;66,272
TL545BDW6PCD5x100ET40DIA57.1;66,272
TL1502BDW6PCD5x114.3ET40DIA67.1;58,642
TL1504SW6PCD4x100ET46DIA67.1;63,874
TL1504BDW6PCD4x100ET46DIA67.1;63,874
TL1505BDW6PCD5x100ET38DIA57.1;62,348
TL1505SLW6PCD5x100ET38DIA57.1;61,476
TL1506BDW6PCD4x100ET45DIA60.1;61,912
TL1506BDW6PCD4x114.3ET45DIA56.6;61,912
TL1506SW6PCD4x114.3ET45DIA67.1;61,912
TL1507SW6PCD4x114.3ET32DIA67.1;61,912
TL1507BDW6PCD4x114.3ET32DIA67.1;61,912
TL1507BDW6PCD4x100ET38DIA67.1;61,912
TL1508BDW5.5PCD4x100ET45DIA60.1;61,912
TL1508BDW5.5PCD4x114.3ET45DIA671;61,912
TL604BDW6.5PCD5x114.3ET45DIA60.1;74,556
TL604SW6.5PCD5x114.3ET45DIA67.1;74,556
TL607BDW6.5PCD5x114.3ET45DIA60.1;74,556
TL607HBW6.5PCD5x114.3ET45DIA60.1;76,736
TL612HBW6.5PCD5x114.3ET40DIA66.1;83,93
TL618SW6.5PCD5x139.7ET40DIA98;80,66
TL618BDW6.5PCD5x139.7ET40DIA98;80,66
TL618BDW6.5PCD5x130ET40DIA84.1;80,66
TL619BDW6.5PCD5x114.3ET38DIA67.1;81,532
TL619SW6.5PCD5x112ET38DIA66.6;81,532
TL619SW6.5PCD5x120ET46DIA65.1;81,532
TL619SDW6.5PCD5x120ET46DIA65.1;81,532
TL619BDW6.5PCD5x120ET46DIA65.1;81,532
TL619BDMW6.5PCD5x120ET46DIA65.1;81,532
TL619BDW6.5PCD5x118ET46DIA71.1;81,532
TL622SW7.5PCD5x139.7ET10DIA108;91,124
TL622BDW7.5PCD5x139.7ET10DIA108;91,124
TL634BDMW6PCD4x100ET45DIA67.1;76,736
TL637SW6.5PCD5x112ET38DIA57.1;76,736
TL637BDW6.5PCD5x114.3ET45DIA67.1;76,736
TL637BLMW6.5PCD5x114.3ET45DIA67.1;76,736
TL638BSDW7.5PCD5x112ET35DIA66.6;83,93
TL638SW7.5PCD5x112ET42DIA66.6;83,93
TL639SW6.5PCD5x114.3ET40DIA66.1;81,532
TL640BDW6.5PCD5x112ET50DIA57.1;79,134
TL642BDW6.5PCD5x114.3ET38DIA67.1;81,532
TL642BDW6.5PCD5x114.3ET38DIA73.1;81,532
TL642BDW6.5PCD5x112ET45DIA57.1;81,532
TL642GRDW6.5PCD5x105ET39DIA56.6;81,532
TL645SW6.5PCD5x114.3ET45DIA67.1;78,698
TL646SW6.5PCD5x108ET50DIA63.4;74,556
TL646BDW6.5PCD5x108ET50DIA63.4;74,556
TL647BDW7PCD6x139.7ET38DIA67.1;76,736
TL648BDW6.5PCD5x112ET45DIA57.1;75,864
TL648BDW6.5PCD5x114.3ET45DIA67.1;75,864
TL649BDW7PCD5x112ET45DIA57.1;80,66
TL649SW7PCD5x112ET45DIA57.1;80,66
TL650SW6.5PCD5x114.3ET41DIA67.1;79,57
TL650GRDW6.5PCD5x114.3ET46DIA671;79,57
TL651SW6.5PCD5x114.3ET38DIA67.1;79,57
TL651BDW6.5PCD5x114.3ET38DIA67.1;79,57
TL652BDW7.5PCD5x139.7ET0DIA108;83,93
TL652BLMW7.5PCD5x139.7ET0DIA108;83,93
TL652BDW7.5PCD5x139.7ET10DIA108;83,93
TL652BDW7.5PCD6x139.7ET10DIA1101;83,93
TL655SW6.5PCD5x114.3ET46DIA67.1;78,044
TL655BDW6.5PCD5x114.3ET46DIA67.1;78,044
TL657SLW6.5PCD5x114.3ET50DIA66.1;78,044
TL657BDW6.5PCD5x114.3ET50DIA66.1;76,736
TL658SW6.5PCD5x114.3ET45DIA67.1;77,608
TL659SW6.5PCD5x112ET45DIA57.1;82,404
TL659BDW6.5PCD5x112ET45DIA57.1;82,404
TL659SW6.5PCD5x108ET50DIA63.4;82,404
TL659BDW6.5PCD5x114.3ET45DIA67.1;82,404
TL666BDW6.5PCD5x114.3ET38DIA67.1;75,864
TL666SW6.5PCD5x112ET38DIA57.1;75,864
TL666BDW6.5PCD5x112ET38DIA57.1;75,864
TL667BDW6PCD4x108ET37DIA63.4;74,556
TL1602BLW6.5PCD5x114.3ET40DIA671;70,632
TL1603SLW6.5PCD5x100ET37DIA67.1;71,94
TL1603BDW6.5PCD5x100ET42DIA67.1;71,94
TL1603BDW6.5PCD5x112ET45DIA57.1;71,94
TL1603BLW6.5PCD5x114.3ET45DIA671;71,94
TL1604SW6.5PCD4x108ET31DIA65.1;74,992
TL1604SW6.5PCD4x108ET31DIA65.1;74,992
TL1612SLW6.5PCD5x108ET50DIA63.4;76,736
TL1612BDW6.5PCD5x108ET50DIA63.4;76,736
TL702BDW7.5PCD6x139.7ET38DIA67.1;81,532
TL706SW7PCD5x114.3ET45DIA67.1;100,28
TL708SW7.5PCD5x112ET35DIA66.6;100,28
TL708GRDW7.5PCD5x112ET35DIA66.6;100,28
TL708BSDW7.5PCD5x112ET42DIA66.6;100,28
TL714BDW7PCD5x114.3ET39DIA60.1;102,896
TL716SW6.5PCD5x114.3ET45DIA67.1;100,28
TL716BDW6.5PCD5x114.3ET45DIA67.1;100,28
TL717BDW7.5PCD5x114.3ET35DIA67.1;95,92
TL718BDW6.5PCD5x114.3ET35DIA67.1;100,28
TL718BDW6.5PCD5x114.3ET40DIA67.1;100,28
TL720BDW6.5PCD5x114.3ET40DIA66.1;98,1
TL723BSDW7.5PCD5x112ET42DIA66.6;100,28
TL723SW7.5PCD5x112ET42DIA66.6;100,28
TL724BDW6.5PCD5x114.3ET40DIA67.1;100,28
TL724SW6.5PCD5x114.3ET40DIA67.1;100,28
TL727BDW7PCD5x114.3ET41DIA67.1;100,28
TL727SW7.5PCD5x114.3ET45DIA67.1;100,28
TL727BDW7.5PCD5x114.3ET45DIA67.1;100,28
TL729BDW7PCD5x112ET43DIA57.1;98,1
TL730BDW7.5PCD5x112ET40DIA66.6;100,28
TL730SW7PCD5x114.3ET40DIA67.1;100,28
TL744SW6.5PCD5x114.3ET35DIA67.1;98,1
TL803BDW8PCD6x139.7ET25DIA106.1;114,232
TL804SW8PCD5x150ET60DIA110.1;117,284
TL804HBW8PCD5x150ET60DIA110.1;117,284
TL806BDW7.5PCD5x112ET45DIA66.6;110,308
TL809BDW8PCD5x108ET53DIA63.4;112,488
TL809SW8PCD5x108ET53DIA63.4;112,488
TL812BSDW7.5PCD5x114.3ET38DIA671;112,488
TL815BDW8PCD5x114.3ET40DIA67.1;117,72
TL919BDW7.5PCD5x114.3ET35DIA60.1;119,9
